Date,Month,Quarter,Product,Category,Region,Customer Segment,Units Sold,Revenue,Cost,Profit,Discount,Acquisition Channel,Revenue_Outlier_Flag,ASP,Profit Margin,Period,Revenue_robust_z,ASP_robust_z,Profit Margin_robust_z,Discount_robust_z,Anomaly_Flag
2024-01-01,Jan,Q1,Pro Camera,Electronics,South,Value Seekers,10,6322.506738156532,1039.283567471653,5283.22317068488,0.05548691375488194,Organic Search,True,632.2506738156533,0.835621595909176,H1,4.474662256813144,11.131173193691385,5.036730971889959,-1.0731938499771208,True
2024-04-01,Apr,Q2,Premium Audio,Electronics,North,Value Seekers,49,6322.506738156532,3271.05465739865,3051.4520807578824,0.09083608669932879,Email,True,129.03074975829657,0.4826332666982022,H1,4.474662256813144,1.3798054540444546,0.5530183773741105,-0.7791332110226328,True
2024-03-01,Mar,Q1,Pro Camera,Electronics,West,Value Seekers,30,6322.506738156532,3195.2119242941717,3127.2948138623606,0.05043503506453528,Organic Search,True,210.75022460521774,0.49462894123766377,H1,4.474662256813144,2.9633608989443836,0.7053892989071864,-1.1152191238905595,True
2024-03-01,Mar,Q1,Premium Audio,Electronics,North,Value Seekers,52,6322.506738156532,3499.759585010167,2822.7471531463652,0.07900983487545202,Organic Search,True,121.58666804147177,0.4464601257142195,H1,4.474662256813144,1.2355544519786719,0.09354152108364887,-0.8775127451981896,True
2024-06-01,Jun,Q2,Pro Camera,Electronics,North,Value Seekers,40,6322.506738156532,3739.535114204958,2582.971623951574,0.07133460681197555,Organic Search,True,158.06266845391332,0.4085360017670297,H1,4.474662256813144,1.9423843621010086,-0.38817659282137257,-0.94136098492969,True
2024-02-01,Feb,Q1,Premium Audio,Electronics,East,Mainstream,46,6256.586018082564,2924.8755738503214,3331.7104442322425,0.045465364922267854,Organic Search,False,136.012739523534,0.5325125291337881,H1,4.402893419266829,1.5151020639368746,1.1865925175942826,-1.156560526127179,True
2024-04-01,Apr,Q2,Premium Audio,Electronics,North,Mainstream,42,6220.546081307785,3313.146562450467,2907.399518857318,0.01824094884187285,Organic Search,False,148.10824003113774,0.4673865414475118,H1,4.363656220937286,1.7494880009914786,0.3593521046549777,-1.3830334113724736,True
2024-03-01,Mar,Q1,Premium Audio,Electronics,East,Mainstream,43,6137.019868063579,2947.5330585898178,3189.4868094737617,0.05418925264502476,Organic Search,False,142.72139228054837,0.5197126419732684,H1,4.272720029365717,1.6451019644650322,1.0240063624137736,-1.083988757561258,True
2024-05-01,May,Q2,Pro Camera,Electronics,North,Value Seekers,31,6135.010644063487,2646.8314136402623,3488.179230423225,0.08788091459728083,Organic Search,False,197.9035691633383,0.5685693852542121,H1,4.270532558253524,2.7144191232923833,1.644592305482921,-0.8037165244120119,True
2024-05-01,May,Q2,Premium Audio,Electronics,East,Value Seekers,44,6061.898382769909,3007.0471030190606,3054.851279750849,0.026959879963448938,Email,False,137.77041779022522,0.5039430038012238,H1,4.190934186185762,1.5491622557677087,0.823697968532869,-1.3105028754914747,True
2024-05-01,May,Q2,Premium Audio,Electronics,North,Value Seekers,44,5998.273060514745,3011.602864054777,2986.6701964599683,0.05646317483732078,Organic Search,False,136.3243877389715,0.4979216795114802,H1,4.121664381310467,1.5211411657467413,0.74721417198941,-1.0650725862027313,True
2024-06-01,Jun,Q2,Pro Camera,Electronics,South,Mainstream,28,5965.0903797623405,2509.894119959145,3455.1962598031955,0.04328305306187608,Organic Search,False,213.0389421343693,0.5792361959050244,H1,4.085537918771855,3.007711540109357,1.780083791462838,-1.1747146147977479,True
2024-06-01,Jun,Q2,Premium Audio,Electronics,North,Value Seekers,44,5864.117559912227,2799.397828547024,3064.719731365203,0.04454365246455679,Organic Search,False,133.27539908891424,0.5226224917992734,H1,3.9756073552664097,1.4620580330261672,1.0609677269500237,-1.1642280139824897,True
2024-06-01,Jun,Q2,Premium Audio,Electronics,East,Mainstream,41,5722.448787038329,2996.631817746698,2725.8169692916313,0.07736406136534489,Organic Search,False,139.5719216350812,0.4763375035292166,H1,3.8213705214702403,1.5840716972181552,0.4730486155523301,-0.8912035099217953,True
2024-03-01,Mar,Q1,Premium Audio,Electronics,West,Value Seekers,44,5677.171702657008,2710.3415984608673,2966.8301041961404,0.03673237171672685,Organic Search,False,129.0266296058411,0.5225894617222192,H1,3.7720767074784076,1.3797256139590048,1.060548173780045,-1.2292080408524142,True
2024-12-01,Dec,Q4,Activewear,Lifestyle,North,Value Seekers,117,5619.314491247389,3417.5511542234813,2201.7633370239078,0.20663898857449314,Organic Search,False,48.028328985020416,0.39182062873565116,H2,3.7090867279715027,-0.18985495684142445,-0.6004978578058258,0.18420121752852367,True
2024-06-01,Jun,Q2,Pro Camera,Electronics,North,Value Seekers,29,5614.219897976326,2452.2116992689967,3162.0081987073295,0.14866851185132396,Paid Social,False,193.59378958539057,0.563214169763299,H1,3.7035401708886133,2.6309044539952304,1.5765695263824753,-0.29804020442783813,True
2024-04-01,Apr,Q2,Pro Camera,Electronics,South,Mainstream,28,5610.066004041101,2656.7113534397304,2953.354650601371,0.09314234482036927,Organic Search,False,200.35950014432504,0.5264384854784203,H1,3.699017766723621,2.7620100174400166,1.1094390714786908,-0.7599480454253232,True
2024-06-01,Jun,Q2,Pro Camera,Electronics,North,Mainstream,27,5608.221672296755,2577.034757290611,3031.186915006144,0.07141766622098164,Email,False,207.7119137887687,0.5404898543828014,H1,3.6970098161855667,2.9044846806904245,1.2879217421879159,-0.9406700351605993,True
2024-05-01,May,Q2,Premium Audio,Electronics,West,Value Seekers,41,5549.863638942841,2686.2806979479574,2863.5829409948838,0.08595581797085829,Email,False,135.36252777909368,0.5159735675127957,H1,3.633474584613462,1.5025022968657438,0.9765120577501368,-0.8197309059904605,True
2024-04-01,Apr,Q2,Pro Camera,Electronics,South,Value Seekers,27,5545.936643866767,2517.4078362036194,3028.5288076631473,0.05603010452787607,Organic Search,False,205.40506088395432,0.5460806716954453,H1,3.6291992085049527,2.8597826132230924,1.358937172228823,-1.068675186243973,True
2024-06-01,Jun,Q2,Premium Audio,Electronics,North,Mainstream,39,5535.897445292711,2585.3046274849853,2950.592817807726,0.03265583481258124,Organic Search,False,141.94608834083874,0.5329926804039111,H1,3.6182693884006203,1.6300781677815688,1.192691473619077,-1.2631196983794093,True
2024-12-01,Dec,Q4,Smart Kitchen,Home,North,Value Seekers,100,5485.927685790556,3178.667933162435,2307.259752628121,0.21050025857469598,Organic Search,False,54.85927685790556,0.42057786481661047,H2,3.563866591405768,-0.057485228350169885,-0.23521897765735875,0.21632212528554132,True
2024-02-01,Feb,Q1,Pro Camera,Electronics,West,Value Seekers,26,5480.385364645386,2553.677273351312,2926.708091294074,0.05587545222419811,Organic Search,False,210.78405248636102,0.5340332652836083,H1,3.557832586536724,2.964016413746384,1.2059091444162673,-1.0699616988112344,True
2024-03-01,Mar,Q1,Activewear,Lifestyle,West,Value Seekers,80,5479.8922571674675,3082.287846205079,2397.6044109623886,0.04826782532528391,Organic Search,False,68.49865321459335,0.4375276553706733,H1,3.557295733322197,0.20681784916142082,-0.01992010488291408,-1.133247581916273,True
2024-02-01,Feb,Q1,Premium Audio,Electronics,West,Value Seekers,40,5474.060936099894,2713.539333249047,2760.521602850847,0.09431375479510477,Email,False,136.85152340249735,0.5042913542752114,H1,3.550947090074528,1.531355971357533,0.8281227703698452,-0.7502033884233128,True
2024-04-01,Apr,Q2,Pro Camera,Electronics,North,Value Seekers,25,5460.815031306845,2335.6201690241996,3125.1948622826458,0.04164572136805524,Organic Search,False,218.43260125227383,0.5722945832015748,H1,3.5365260827163025,3.112229566933334,1.6919103485213125,-1.1883351542322078,True
2024-04-01,Apr,Q2,Activewear,Lifestyle,West,Value Seekers,78,5433.919054856786,3035.7229136475403,2398.1961412092455,0.07483621437479492,Organic Search,False,69.66562890842033,0.44133821593565337,H1,3.507244045712947,0.22943143934279747,0.02848222738557007,-0.912232016087654,True
